{
  "mcnemar": {
    "b": 20,
    "c": 4,
    "N": 72,
    "delta_accuracy": 0.222222,
    "p": 0.001544
  },
  "bootstrap_macro_f1": {
    "delta_macro_f1": 0.218888,
    "delta_mean_boot": 0.220068,
    "ci95": [
      0.097198,
      0.344231
    ],
    "p": 0.0004,
    "B": 5000
  }
}